year,gss_code,usual_residence_of_mother,type,total_births_all,total_births_uk_mothers,total_births_overseas_mothers,overseas_mothers_total_EU,overseas_mothers_pre2004_EU_countries,overseas_mothers_post2004_EU_accession_countries,overseas_mothers_non_EU_europe,overseas_mothers_asia,overseas_mothers_africa,overseas_mothers_rest_of_world
2001,E92000001,ENGLAND,Country,563744,467536,96208,17632,14388,3244,5228,39147,20558,13643
2001,W92000004,WALES,Country,30616,29022,1594,430,380,50,58,682,246,178
2001,E12000001,NORTH EAST,Region,25949,24429,1520,324,284,40,72,768,231,125
2001,E12000002,NORTH WEST,Region,75201,67632,7569,1136,989,147,199,4743,936,555
2001,E12000003,YORKSHIRE AND THE HUMBER,Region,55625,49071,6554,860,733,127,173,4611,484,426
2001,E12000004,EAST MIDLANDS,Region,44642,40379,4263,812,680,132,160,1947,900,444
2001,E12000005,WEST MIDLANDS,Region,60818,52022,8796,972,824,148,227,6210,753,634
2001,E12000006,EAST,Region,60090,52737,7353,1934,1641,293,341,2553,1133,1392
2001,E12000007,LONDON,Region,104162,59104,45058,6977,5365,1612,3380,13489,13600,7612
2001,E12000008,SOUTH EAST,Region,88510,77036,11474,3364,2812,552,530,3821,1977,1782
2001,E12000009,SOUTH WEST,Region,48747,45126,3621,1253,1060,193,146,1005,544,673
2001,E09000007,Camden,London Borough,2792,1148,1644,279,230,49,142,600,384,239
2001,E09000013,Hammersmith and Fulham,London Borough,2365,1294,1071,261,214,47,81,210,297,222
2001,E09000014,Haringey,London Borough,3830,1697,2133,337,204,133,462,306,711,317
2001,E09000019,Islington,London Borough,2500,1433,1067,201,161,40,181,237,288,160
2001,E09000020,Kensington and Chelsea,London Borough,2138,718,1420,373,346,27,103,271,247,426
2001,E09000022,Lambeth,London Borough,4397,2290,2107,386,329,57,87,257,847,530
2001,E09000023,Lewisham,London Borough,3718,2269,1449,214,160,54,108,188,555,384
2001,E09000025,Newham,London Borough,4805,1742,3063,206,111,95,123,1388,1004,342
2001,E09000028,Southwark,London Borough,3998,2093,1905,265,211,54,69,258,1032,281
2001,E09000030,Tower Hamlets,London Borough,3646,1183,2463,121,94,27,36,1971,232,103
2001,E09000032,Wandsworth,London Borough,4182,2650,1532,333,283,50,61,298,433,407
2001,E09000033,Westminster,London Borough,2570,923,1647,288,231,57,120,612,353,274
2001,E09000002,Barking and Dagenham,London Borough,2407,1745,662,97,57,40,82,141,288,54
2001,E09000003,Barnet,London Borough,4063,2350,1713,318,238,80,131,540,529,195
2001,E09000004,Bexley,London Borough,2626,2279,347,63,49,14,33,81,126,44
2001,E09000005,Brent,London Borough,3917,1463,2454,329,251,78,93,761,810,461
2001,E09000006,Bromley,London Borough,3414,2842,572,171,135,36,43,122,140,96
2001,E09000008,Croydon,London Borough,4401,2980,1421,173,141,32,84,347,532,285
2001,E09000009,Ealing,London Borough,4392,2060,2332,320,239,81,98,932,624,358
2001,E09000010,Enfield,London Borough,3747,2207,1540,287,146,141,359,256,473,165
2001,E09000011,Greenwich,London Borough,3210,2134,1076,137,93,44,65,214,499,161
2001,E09000015,Harrow,London Borough,2581,1307,1274,156,129,27,42,401,400,275
2001,E09000016,Havering,London Borough,2382,2199,183,43,36,7,12,51,47,30
2001,E09000017,Hillingdon,London Borough,3244,2278,966,175,151,24,36,333,286,136
2001,E09000018,Hounslow,London Borough,3134,1704,1430,230,185,45,70,614,386,130
2001,E09000021,Kingston upon Thames,London Borough,1787,1247,540,110,96,14,31,167,95,137
2001,E09000024,Merton,London Borough,2664,1654,1010,200,176,24,48,221,240,301
2001,E09000026,Redbridge,London Borough,3110,1783,1327,133,86,47,81,573,337,203
2001,E09000027,Richmond upon Thames,London Borough,2394,1706,688,225,194,31,36,129,84,214
2001,E09000029,Sutton,London Borough,2090,1725,365,93,72,21,15,88,97,72
2001,E09000031,Waltham Forest,London Borough,3510,1954,1556,197,135,62,127,500,471,261
2001,E09000012,Hackney and City of London,London Borough,4148,2047,2101,256,182,74,321,422,753,349
2002,E92000001,ENGLAND,Country,565709,462103,103606,18373,14765,3608,5315,41798,23182,14938
2002,W92000004,WALES,Country,30205,28501,1704,442,371,71,47,735,287,193
2002,E12000001,NORTH EAST,Region,26271,24526,1745,389,330,59,84,834,277,161
2002,E12000002,NORTH WEST,Region,74641,66409,8232,1194,1017,177,224,5025,1176,613
2002,E12000003,YORKSHIRE AND THE HUMBER,Region,55535,48592,6943,915,740,175,176,4740,672,440
2002,E12000004,EAST MIDLANDS,Region,45039,40150,4889,949,783,166,194,2173,1117,456
2002,E12000005,WEST MIDLANDS,Region,61035,51444,9591,936,774,162,210,6667,1037,741
2002,E12000006,EAST,Region,60171,52281,7890,1887,1557,330,380,2826,1305,1492
2002,E12000007,LONDON,Region,105603,57544,48059,7311,5524,1787,3368,14333,14642,8405
2002,E12000008,SOUTH EAST,Region,88082,75857,12225,3444,2894,550,511,4089,2318,1863
2002,E12000009,SOUTH WEST,Region,49332,45300,4032,1348,1146,202,168,1111,638,767
2002,E09000007,Camden,London Borough,2839,1151,1688,285,241,44,163,550,444,246
2002,E09000013,Hammersmith and Fulham,London Borough,2585,1341,1244,316,268,48,74,242,349,263
2002,E09000014,Haringey,London Borough,3731,1649,2082,340,219,121,427,308,657,350
2002,E09000019,Islington,London Borough,2510,1372,1138,221,172,49,155,211,359,192
2002,E09000020,Kensington and Chelsea,London Borough,2156,767,1389,366,343,23,82,255,263,423
2002,E09000022,Lambeth,London Borough,4374,2179,2195,428,371,57,66,242,878,581
2002,E09000023,Lewisham,London Borough,3845,2266,1579,231,171,60,94,199,623,432
2002,E09000025,Newham,London Borough,4938,1684,3254,212,100,112,122,1486,1021,413
2002,E09000028,Southwark,London Borough,4138,2023,2115,267,187,80,69,283,1095,401
2002,E09000030,Tower Hamlets,London Borough,3845,1232,2613,117,89,28,49,2078,276,93
2002,E09000032,Wandsworth,London Borough,4080,2539,1541,328,274,54,60,341,433,379
2002,E09000033,Westminster,London Borough,2552,847,1705,287,238,49,131,623,349,315
2002,E09000002,Barking and Dagenham,London Borough,2419,1655,764,73,48,25,93,162,365,71
2002,E09000003,Barnet,London Borough,4180,2331,1849,318,220,98,148,603,559,221
2002,E09000004,Bexley,London Borough,2517,2159,358,68,57,11,23,67,150,50
2002,E09000005,Brent,London Borough,4155,1489,2666,348,245,103,130,829,841,518
2002,E09000006,Bromley,London Borough,3401,2820,581,157,133,24,44,101,155,124
2002,E09000008,Croydon,London Borough,4372,2830,1542,207,165,42,74,371,531,359
2002,E09000009,Ealing,London Borough,4436,1987,2449,371,263,108,103,955,604,416
2002,E09000010,Enfield,London Borough,3988,2195,1793,311,155,156,397,289,601,195
2002,E09000011,Greenwich,London Borough,3345,2086,1259,165,128,37,77,244,585,188
2002,E09000015,Harrow,London Borough,2564,1249,1315,134,103,31,36,428,422,295
2002,E09000016,Havering,London Borough,2257,2039,218,50,36,14,15,61,65,27
2002,E09000017,Hillingdon,London Borough,3292,2210,1082,170,136,34,35,417,296,164
2002,E09000018,Hounslow,London Borough,3253,1683,1570,235,174,61,53,667,440,175
2002,E09000021,Kingston upon Thames,London Borough,1815,1230,585,134,114,20,23,186,127,115
2002,E09000024,Merton,London Borough,2535,1480,1055,194,149,45,46,224,279,312
2002,E09000026,Redbridge,London Borough,3231,1795,1436,137,89,48,76,651,364,208
2002,E09000027,Richmond upon Thames,London Borough,2413,1686,727,249,232,17,31,156,95,196
2002,E09000029,Sutton,London Borough,2131,1689,442,97,75,22,22,115,129,79
2002,E09000031,Waltham Forest,London Borough,3565,1921,1644,217,134,83,139,561,479,248
2002,E09000012,Hackney and City of London,London Borough,4141,1960,2181,278,195,83,311,428,808,356
2003,E92000001,ENGLAND,Country,589851,476592,113259,19800,15428,4372,5777,44567,26886,16229
2003,W92000004,WALES,Country,31400,29355,2045,513,442,71,75,880,366,211
2003,E12000001,NORTH EAST,Region,27005,25148,1857,391,330,61,86,875,337,168
2003,E12000002,NORTH WEST,Region,77847,68935,8912,1308,1090,218,237,5315,1377,675
2003,E12000003,YORKSHIRE AND THE HUMBER,Region,57923,50422,7501,986,820,166,209,4934,896,476
2003,E12000004,EAST MIDLANDS,Region,46916,41611,5305,948,775,173,222,2345,1285,505
2003,E12000005,WEST MIDLANDS,Region,63694,53306,10388,1026,822,204,231,6798,1408,925
2003,E12000006,EAST,Region,62711,53846,8865,2172,1802,370,376,3081,1640,1596
2003,E12000007,LONDON,Region,110437,58147,52290,7918,5653,2265,3628,15404,16334,9006
2003,E12000008,SOUTH EAST,Region,91842,78192,13650,3648,2945,703,608,4599,2752,2043
2003,E12000009,SOUTH WEST,Region,51476,46985,4491,1403,1191,212,180,1216,857,835
2003,E09000007,Camden,London Borough,2944,1146,1798,317,261,56,160,617,447,257
2003,E09000013,Hammersmith and Fulham,London Borough,2559,1349,1210,277,225,52,94,235,353,251
2003,E09000014,Haringey,London Borough,3890,1669,2221,372,220,152,435,325,723,366
2003,E09000019,Islington,London Borough,2671,1432,1239,224,180,44,174,258,375,208
2003,E09000020,Kensington and Chelsea,London Borough,2235,790,1445,392,354,38,93,298,222,440
2003,E09000022,Lambeth,London Borough,4787,2348,2439,444,362,82,78,274,1016,627
2003,E09000023,Lewisham,London Borough,3932,2227,1705,242,174,68,104,233,669,457
2003,E09000025,Newham,London Borough,5102,1652,3450,283,113,170,117,1557,1104,389
2003,E09000028,Southwark,London Borough,4342,2015,2327,289,221,68,84,291,1258,405
2003,E09000030,Tower Hamlets,London Borough,3940,1252,2688,157,103,54,49,2086,256,140
2003,E09000032,Wandsworth,London Borough,4359,2623,1736,352,280,72,61,385,519,419
2003,E09000033,Westminster,London Borough,2764,897,1867,351,298,53,125,697,382,312
2003,E09000002,Barking and Dagenham,London Borough,2594,1656,938,99,54,45,84,209,482,64
2003,E09000003,Barnet,London Borough,4334,2278,2056,376,250,126,158,659,631,232
2003,E09000004,Bexley,London Borough,2640,2208,432,72,57,15,28,97,193,42
2003,E09000005,Brent,London Borough,4376,1527,2849,419,261,158,135,884,845,566
2003,E09000006,Bromley,London Borough,3651,2923,728,171,130,41,50,151,201,155
2003,E09000008,Croydon,London Borough,4591,2887,1704,183,137,46,89,385,638,409
2003,E09000009,Ealing,London Borough,4479,1930,2549,383,243,140,99,985,672,410
2003,E09000010,Enfield,London Borough,4087,2118,1969,287,147,140,451,308,684,239
2003,E09000011,Greenwich,London Borough,3446,2105,1341,179,123,56,74,243,672,173
2003,E09000015,Harrow,London Borough,2848,1307,1541,186,138,48,65,493,452,345
2003,E09000016,Havering,London Borough,2366,2096,270,46,34,12,23,72,103,26
2003,E09000017,Hillingdon,London Borough,3334,2096,1238,181,146,35,39,463,356,199
2003,E09000018,Hounslow,London Borough,3306,1677,1629,249,175,74,74,658,490,158
2003,E09000021,Kingston upon Thames,London Borough,1859,1227,632,142,109,33,31,196,133,130
2003,E09000024,Merton,London Borough,2737,1519,1218,214,162,52,48,269,324,363
2003,E09000026,Redbridge,London Borough,3376,1776,1600,151,69,82,67,716,443,223
2003,E09000027,Richmond upon Thames,London Borough,2548,1766,782,247,218,29,41,152,140,202
2003,E09000029,Sutton,London Borough,2247,1762,485,85,66,19,27,134,143,96
2003,E09000031,Waltham Forest,London Borough,3770,1870,1900,256,142,114,153,587,597,307
2003,E09000012,Hackney and City of London,London Borough,4323,2019,2304,292,201,91,318,487,811,396
2004,E92000001,ENGLAND,Country,607184,484982,122202,21307,15964,5343,6023,47780,30699,16393
2004,W92000004,WALES,Country,32325,30044,2281,541,450,91,65,1026,393,256
2004,E12000001,NORTH EAST,Region,27815,25811,2004,385,330,55,79,978,382,180
2004,E12000002,NORTH WEST,Region,81164,71179,9985,1475,1232,243,228,5859,1770,653
2004,E12000003,YORKSHIRE AND THE HUMBER,Region,60193,52223,7970,1029,828,201,185,5128,1165,463
2004,E12000004,EAST MIDLANDS,Region,48245,42715,5530,1043,827,216,188,2342,1433,524
2004,E12000005,WEST MIDLANDS,Region,65911,54624,11287,1047,812,235,264,7161,1878,937
2004,E12000006,EAST,Region,64250,54467,9783,2308,1826,482,421,3477,1930,1647
2004,E12000007,LONDON,Region,113679,57772,55907,8733,5872,2861,3763,16498,18002,8911
2004,E12000008,SOUTH EAST,Region,93634,78796,14838,3742,2946,796,688,4969,3198,2241
2004,E12000009,SOUTH WEST,Region,52293,47395,4898,1545,1291,254,207,1368,941,837
2004,E09000007,Camden,London Borough,3047,1198,1849,343,281,62,157,631,444,274
2004,E09000013,Hammersmith and Fulham,London Borough,2623,1338,1285,322,261,61,89,270,372,232
2004,E09000014,Haringey,London Borough,4017,1608,2409,445,253,192,478,351,796,339
2004,E09000019,Islington,London Borough,2675,1417,1258,236,184,52,158,263,392,209
2004,E09000020,Kensington and Chelsea,London Borough,2205,728,1477,421,369,52,107,295,259,395
2004,E09000022,Lambeth,London Borough,4753,2170,2583,498,387,111,80,294,1109,602
2004,E09000023,Lewisham,London Borough,4068,2241,1827,259,178,81,113,256,747,452
2004,E09000025,Newham,London Borough,5170,1486,3684,367,138,229,109,1646,1172,390
2004,E09000028,Southwark,London Borough,4452,2012,2440,315,224,91,91,359,1263,412
2004,E09000030,Tower Hamlets,London Borough,4086,1272,2814,165,110,55,55,2124,340,130
2004,E09000032,Wandsworth,London Borough,4345,2591,1754,372,281,91,69,389,545,379
2004,E09000033,Westminster,London Borough,2734,889,1845,362,309,53,132,674,349,328
2004,E09000002,Barking and Dagenham,London Borough,2751,1591,1160,108,50,58,86,258,618,90
2004,E09000003,Barnet,London Borough,4482,2266,2216,436,240,196,185,701,675,219
2004,E09000004,Bexley,London Borough,2699,2186,513,70,45,25,25,96,265,57
2004,E09000005,Brent,London Borough,4326,1395,2931,405,222,183,124,963,915,524
2004,E09000006,Bromley,London Borough,3589,2865,724,172,139,33,60,152,220,120
2004,E09000008,Croydon,London Borough,4869,2963,1906,226,161,65,82,444,747,407
2004,E09000009,Ealing,London Borough,4767,1997,2770,494,275,219,118,1016,690,452
2004,E09000010,Enfield,London Borough,4222,2148,2074,305,142,163,439,303,824,203
2004,E09000011,Greenwich,London Borough,3721,2191,1530,203,133,70,88,274,788,177
2004,E09000015,Harrow,London Borough,2870,1230,1640,198,127,71,61,558,475,348
2004,E09000016,Havering,London Borough,2559,2226,333,62,44,18,26,89,119,37
2004,E09000017,Hillingdon,London Borough,3473,2165,1308,170,136,34,45,511,404,178
2004,E09000018,Hounslow,London Borough,3638,1665,1973,276,173,103,89,883,528,197
2004,E09000021,Kingston upon Thames,London Borough,2041,1334,707,144,119,25,34,217,175,137
2004,E09000024,Merton,London Borough,2828,1522,1306,209,144,65,51,283,403,360
2004,E09000026,Redbridge,London Borough,3483,1749,1734,171,89,82,57,770,489,247
2004,E09000027,Richmond upon Thames,London Borough,2585,1742,843,252,212,40,47,167,156,221
2004,E09000029,Sutton,London Borough,2220,1676,544,102,68,34,33,138,176,95
2004,E09000031,Waltham Forest,London Borough,3957,1862,2095,310,165,145,145,634,707,299
2004,E09000012,Hackney and City of London,London Borough,4424,2049,2375,315,213,102,330,489,840,401
2005,E92000001,ENGLAND,Country,613028,481453,131575,24286,16418,7868,6343,49935,34260,16751
2005,W92000004,WALES,Country,32593,30059,2534,631,507,124,90,1101,482,230
2005,E12000001,NORTH EAST,Region,28249,26075,2174,408,327,81,81,1065,443,177
2005,E12000002,NORTH WEST,Region,81722,71034,10688,1552,1200,352,258,6095,2112,671
2005,E12000003,YORKSHIRE AND THE HUMBER,Region,60665,51798,8867,1245,833,412,253,5462,1403,504
2005,E12000004,EAST MIDLANDS,Region,49080,42830,6250,1212,833,379,229,2595,1657,557
2005,E12000005,WEST MIDLANDS,Region,65956,53817,12139,1283,866,417,240,7530,2153,933
2005,E12000006,EAST,Region,64687,54182,10505,2661,1883,778,411,3509,2235,1689
2005,E12000007,LONDON,Region,116019,56567,59452,9811,5966,3845,3951,16960,19596,9134
2005,E12000008,SOUTH EAST,Region,93921,77861,16060,4385,3146,1239,672,5240,3529,2234
2005,E12000009,SOUTH WEST,Region,52729,47289,5440,1729,1364,365,248,1479,1132,852
2005,E09000007,Camden,London Borough,2954,1146,1808,326,264,62,168,601,452,261
2005,E09000013,Hammersmith and Fulham,London Borough,2686,1307,1379,364,294,70,91,265,422,237
2005,E09000014,Haringey,London Borough,4026,1548,2478,477,241,236,445,375,833,348
2005,E09000019,Islington,London Borough,2731,1414,1317,261,195,66,175,227,443,211
2005,E09000020,Kensington and Chelsea,London Borough,2188,738,1450,420,370,50,96,262,246,426
2005,E09000022,Lambeth,London Borough,4739,2137,2602,502,350,152,76,301,1154,569
2005,E09000023,Lewisham,London Borough,4284,2232,2052,310,189,121,91,258,907,486
2005,E09000025,Newham,London Borough,5353,1500,3853,446,149,297,99,1655,1277,376
2005,E09000028,Southwark,London Borough,4714,1935,2779,337,236,101,96,402,1528,416
2005,E09000030,Tower Hamlets,London Borough,3968,1255,2713,207,130,77,81,1948,338,139
2005,E09000032,Wandsworth,London Borough,4554,2616,1938,415,291,124,78,445,568,432
2005,E09000033,Westminster,London Borough,2912,893,2019,406,333,73,133,766,380,334
2005,E09000002,Barking and Dagenham,London Borough,2985,1638,1347,122,54,68,104,254,798,69
2005,E09000003,Barnet,London Borough,4728,2342,2386,482,253,229,224,707,718,255
2005,E09000004,Bexley,London Borough,2686,2108,578,68,47,21,29,92,335,54
2005,E09000005,Brent,London Borough,4503,1411,3092,478,231,247,99,1006,943,566
2005,E09000006,Bromley,London Borough,3663,2916,747,174,118,56,61,143,243,126
2005,E09000008,Croydon,London Borough,4704,2642,2062,254,152,102,88,473,813,434
2005,E09000009,Ealing,London Borough,4838,1915,2923,572,257,315,124,1068,710,449
2005,E09000010,Enfield,London Borough,4496,2138,2358,360,147,213,553,359,882,204
2005,E09000011,Greenwich,London Borough,3963,2062,1901,262,156,106,84,313,1024,218
2005,E09000015,Harrow,London Borough,2872,1182,1690,208,112,96,63,570,477,372
2005,E09000016,Havering,London Borough,2474,2100,374,59,34,25,30,114,138,33
2005,E09000017,Hillingdon,London Borough,3489,2035,1454,205,135,70,43,591,409,206
2005,E09000018,Hounslow,London Borough,3674,1658,2016,315,164,151,78,870,569,184
2005,E09000021,Kingston upon Thames,London Borough,2000,1279,721,173,116,57,29,239,145,135
2005,E09000024,Merton,London Borough,2925,1502,1423,268,158,110,51,300,426,378
2005,E09000026,Redbridge,London Borough,3577,1705,1872,210,104,106,83,850,493,236
2005,E09000027,Richmond upon Thames,London Borough,2580,1703,877,275,213,62,50,154,194,204
2005,E09000029,Sutton,London Borough,2325,1693,632,131,88,43,29,182,176,114
2005,E09000031,Waltham Forest,London Borough,3989,1781,2208,372,158,214,160,683,682,311
2005,E09000012,Hackney and City of London,London Borough,4439,2036,2403,352,227,125,340,487,873,351
2006,E92000001,ENGLAND,Country,635748,491646,144102,29473,16932,12541,6744,53770,36198,17917
2006,W92000004,WALES,Country,33628,30873,2755,804,513,291,99,1119,491,242
2006,E12000001,NORTH EAST,Region,29184,26663,2521,542,384,158,97,1182,492,208
2006,E12000002,NORTH WEST,Region,84155,72215,11940,2027,1238,789,289,6574,2304,746
2006,E12000003,YORKSHIRE AND THE HUMBER,Region,62955,53240,9715,1667,877,790,257,5716,1547,528
2006,E12000004,EAST MIDLANDS,Region,50717,43342,7375,1815,937,878,269,2903,1772,616
2006,E12000005,WEST MIDLANDS,Region,67688,54601,13087,1677,899,778,242,7781,2431,956
2006,E12000006,EAST,Region,66870,55050,11820,3276,1908,1368,492,3851,2460,1741
2006,E12000007,LONDON,Region,120898,57376,63522,11309,6191,5118,4090,18206,20043,9874
2006,E12000008,SOUTH EAST,Region,98566,80528,18038,5113,3138,1975,751,5921,3909,2344
2006,E12000009,SOUTH WEST,Region,54715,48631,6084,2047,1360,687,257,1636,1240,904
2006,E09000007,Camden,London Borough,3012,1152,1860,338,269,69,175,645,409,293
2006,E09000013,Hammersmith and Fulham,London Borough,2775,1256,1519,373,277,96,100,287,450,309
2006,E09000014,Haringey,London Borough,4076,1585,2491,552,240,312,418,346,802,373
2006,E09000019,Islington,London Borough,2803,1432,1371,302,203,99,159,262,412,236
2006,E09000020,Kensington and Chelsea,London Borough,2322,741,1581,483,429,54,117,328,259,394
2006,E09000022,Lambeth,London Borough,4908,2255,2653,545,382,163,85,304,1129,590
2006,E09000023,Lewisham,London Borough,4568,2262,2306,366,207,159,113,339,994,494
2006,E09000025,Newham,London Borough,5523,1424,4099,526,138,388,121,1777,1248,427
2006,E09000028,Southwark,London Borough,4753,2068,2685,366,243,123,96,369,1445,409
2006,E09000030,Tower Hamlets,London Borough,4152,1292,2860,218,123,95,80,2017,370,175
2006,E09000032,Wandsworth,London Borough,5002,2816,2186,539,373,166,96,438,611,502
2006,E09000033,Westminster,London Borough,2887,869,2018,370,306,64,168,724,398,358
2006,E09000002,Barking and Dagenham,London Borough,3208,1658,1550,173,62,111,91,309,890,87
2006,E09000003,Barnet,London Borough,4835,2298,2537,560,243,317,235,738,734,270
2006,E09000004,Bexley,London Borough,2788,2144,644,93,55,38,26,92,373,60
2006,E09000005,Brent,London Borough,4700,1373,3327,583,240,343,124,1063,903,654
2006,E09000006,Bromley,London Borough,3740,2874,866,198,123,75,65,170,279,154
2006,E09000008,Croydon,London Borough,5024,2854,2170,304,174,130,98,530,809,429
2006,E09000009,Ealing,London Borough,5066,1889,3177,673,237,436,137,1195,741,431
2006,E09000010,Enfield,London Borough,4543,2017,2526,376,131,245,528,380,983,259
2006,E09000011,Greenwich,London Borough,4236,2205,2031,318,173,145,91,348,1036,238
2006,E09000015,Harrow,London Borough,2924,1143,1781,258,116,142,59,629,453,382
2006,E09000016,Havering,London Borough,2426,2043,383,90,47,43,26,91,141,35
2006,E09000017,Hillingdon,London Borough,3691,2045,1646,248,135,113,46,617,509,226
2006,E09000018,Hounslow,London Borough,3829,1685,2144,354,160,194,83,968,539,200
2006,E09000021,Kingston upon Thames,London Borough,2046,1264,782,190,126,64,31,247,161,153
2006,E09000024,Merton,London Borough,3092,1477,1615,299,157,142,58,377,480,401
2006,E09000026,Redbridge,London Borough,3977,1849,2128,253,90,163,90,1029,498,258
2006,E09000027,Richmond upon Thames,London Borough,2767,1788,979,318,256,62,65,185,184,227
2006,E09000029,Sutton,London Borough,2426,1756,670,123,59,64,31,183,202,131
2006,E09000031,Waltham Forest,London Borough,4185,1817,2368,477,158,319,182,703,691,315
2006,E09000012,Hackney and City of London,London Borough,4614,2045,2569,443,259,184,296,516,910,404
2007,E92000001,ENGLAND,Country,655357,498367,156990,36319,17176,19143,7578,56736,38135,18222
2007,W92000004,WALES,Country,34414,31181,3233,992,495,497,129,1321,515,276
2007,E12000001,NORTH EAST,Region,29582,26996,2586,599,351,248,90,1239,482,176
2007,E12000002,NORTH WEST,Region,85947,72918,13029,2637,1210,1427,298,6808,2561,725
2007,E12000003,YORKSHIRE AND THE HUMBER,Region,64191,53539,10652,2205,845,1360,287,5917,1742,501
2007,E12000004,EAST MIDLANDS,Region,52482,44090,8392,2544,904,1640,287,3086,1846,629
2007,E12000005,WEST MIDLANDS,Region,70098,55644,14454,2318,892,1426,300,8275,2644,917
2007,E12000006,EAST,Region,69311,56091,13220,3986,1922,2064,605,4171,2625,1833
2007,E12000007,LONDON,Region,125505,57854,67651,13371,6304,7067,4503,19153,20817,9807
2007,E12000008,SOUTH EAST,Region,101238,81391,19847,6040,3330,2710,867,6266,4094,2580
2007,E12000009,SOUTH WEST,Region,57003,49844,7159,2619,1418,1201,341,1821,1324,1054
2007,E09000007,Camden,London Borough,3147,1195,1952,386,304,82,159,634,463,310
2007,E09000013,Hammersmith and Fulham,London Borough,2695,1226,1469,368,266,102,120,279,431,271
2007,E09000014,Haringey,London Borough,4325,1576,2749,686,256,430,473,387,832,371
2007,E09000019,Islington,London Borough,2792,1436,1356,301,206,95,161,260,426,208
2007,E09000020,Kensington and Chelsea,London Borough,2218,696,1522,467,415,52,138,314,243,360
2007,E09000022,Lambeth,London Borough,4822,2131,2691,647,407,240,82,282,1088,592
2007,E09000023,Lewisham,London Borough,4671,2226,2445,412,228,184,111,354,1071,497
2007,E09000025,Newham,London Borough,6053,1527,4526,697,106,591,159,1906,1364,400
2007,E09000028,Southwark,London Borough,4966,2003,2963,434,256,178,103,430,1551,445
2007,E09000030,Tower Hamlets,London Borough,4144,1342,2802,234,129,105,70,1985,367,146
2007,E09000032,Wandsworth,London Borough,4936,2739,2197,577,360,217,93,456,593,478
2007,E09000033,Westminster,London Borough,2929,828,2101,429,357,72,191,711,378,392
2007,E09000002,Barking and Dagenham,London Borough,3384,1581,1803,254,70,184,112,391,943,103
2007,E09000003,Barnet,London Borough,5120,2407,2713,670,244,426,278,765,725,275
2007,E09000004,Bexley,London Borough,2947,2208,739,120,61,59,35,112,414,58
2007,E09000005,Brent,London Borough,4839,1354,3485,711,229,482,105,1160,932,577
2007,E09000006,Bromley,London Borough,3956,2967,989,245,145,100,77,207,273,187
2007,E09000008,Croydon,London Borough,5315,2920,2395,387,170,217,108,547,918,435
2007,E09000009,Ealing,London Borough,5346,1858,3488,832,241,591,118,1307,750,481
2007,E09000010,Enfield,London Borough,4856,2094,2762,462,122,340,616,383,1047,254
2007,E09000011,Greenwich,London Borough,4471,2192,2279,361,164,197,113,363,1226,216
2007,E09000015,Harrow,London Borough,3088,1205,1883,338,98,240,59,699,415,372
2007,E09000016,Havering,London Borough,2575,2145,430,91,37,54,31,110,162,36
2007,E09000017,Hillingdon,London Borough,3845,2031,1814,283,122,161,57,738,485,251
2007,E09000018,Hounslow,London Borough,4082,1616,2466,534,175,359,103,1039,560,230
2007,E09000021,Kingston upon Thames,London Borough,2197,1302,895,217,132,85,38,300,177,163
2007,E09000024,Merton,London Borough,3300,1564,1736,396,170,226,56,374,507,403
2007,E09000026,Redbridge,London Borough,4085,1850,2235,310,109,201,102,1054,517,252
2007,E09000027,Richmond upon Thames,London Borough,2884,1893,991,348,251,97,77,165,156,245
2007,E09000029,Sutton,London Borough,2568,1779,789,196,102,94,29,205,204,155
2007,E09000031,Waltham Forest,London Borough,4449,1875,2574,569,154,415,188,766,768,283
2007,E09000012,Hackney and City of London,London Borough,4500,2088,2412,409,218,191,341,470,831,361
2008,E92000001,ENGLAND,Country,672809,505573,167236,42265,17281,24984,7675,59763,39186,18347
2008,W92000004,WALES,Country,35650,32148,3502,1159,511,648,118,1415,530,280
2008,E12000001,NORTH EAST,Region,30217,27347,2870,749,392,357,104,1295,524,198
2008,E12000002,NORTH WEST,Region,88167,73985,14182,3281,1259,2022,352,7227,2604,718
2008,E12000003,YORKSHIRE AND THE HUMBER,Region,66353,54474,11879,2786,929,1857,316,6356,1858,563
2008,E12000004,EAST MIDLANDS,Region,54192,45057,9135,3011,889,2122,312,3304,1893,615
2008,E12000005,WEST MIDLANDS,Region,71726,56112,15614,2963,907,2056,293,8655,2736,967
2008,E12000006,EAST,Region,71738,57436,14302,4823,1950,2873,625,4335,2742,1777
2008,E12000007,LONDON,Region,127651,57927,69724,14624,6286,8338,4396,19882,20902,9920
2008,E12000008,SOUTH EAST,Region,104023,82361,21662,6872,3250,3622,924,6730,4500,2636
2008,E12000009,SOUTH WEST,Region,58742,50874,7868,3156,1419,1737,353,1979,1427,953
2008,E09000007,Camden,London Borough,3061,1201,1860,339,264,75,184,594,444,299
2008,E09000013,Hammersmith and Fulham,London Borough,2733,1245,1488,371,257,114,105,268,454,290
2008,E09000014,Haringey,London Borough,4289,1625,2664,723,238,485,392,361,815,373
2008,E09000019,Islington,London Borough,2917,1417,1500,355,239,116,174,257,452,262
2008,E09000020,Kensington and Chelsea,London Borough,2216,711,1505,480,412,68,108,266,263,388
2008,E09000022,Lambeth,London Borough,4837,2120,2717,669,405,264,69,297,1055,627
2008,E09000023,Lewisham,London Borough,4872,2349,2523,475,231,244,134,351,1037,526
2008,E09000025,Newham,London Borough,5963,1466,4497,719,121,598,125,1988,1299,366
2008,E09000028,Southwark,London Borough,5008,2051,2957,415,251,164,114,447,1541,440
2008,E09000030,Tower Hamlets,London Borough,4230,1388,2842,265,151,114,67,1995,358,157
2008,E09000032,Wandsworth,London Borough,5246,2841,2405,634,388,246,111,499,624,537
2008,E09000033,Westminster,London Borough,2887,872,2015,443,340,103,166,667,361,378
2008,E09000002,Barking and Dagenham,London Borough,3619,1591,2028,359,73,286,107,475,990,97
2008,E09000003,Barnet,London Borough,5195,2368,2827,756,265,491,250,850,706,265
2008,E09000004,Bexley,London Borough,2975,2189,786,121,57,64,37,115,438,75
2008,E09000005,Brent,London Borough,4899,1321,3578,781,199,582,107,1222,890,578
2008,E09000006,Bromley,London Borough,3983,2981,1002,285,155,130,77,203,282,155
2008,E09000008,Croydon,London Borough,5331,2914,2417,420,171,249,82,602,864,449
2008,E09000009,Ealing,London Borough,5549,1877,3672,1014,237,777,146,1330,750,432
2008,E09000010,Enfield,London Borough,5000,2108,2892,508,131,377,650,417,1083,234
2008,E09000011,Greenwich,London Borough,4361,2124,2237,389,164,225,120,370,1136,222
2008,E09000015,Harrow,London Borough,3230,1114,2116,398,83,315,65,845,434,374
2008,E09000016,Havering,London Borough,2787,2244,543,134,51,83,34,123,211,41
2008,E09000017,Hillingdon,London Borough,4126,2082,2044,339,136,203,67,803,577,258
2008,E09000018,Hounslow,London Borough,4209,1673,2536,576,178,398,94,1075,582,209
2008,E09000021,Kingston upon Thames,London Borough,2248,1339,909,224,121,103,48,264,179,194
2008,E09000024,Merton,London Borough,3330,1488,1842,431,180,251,74,385,542,410
2008,E09000026,Redbridge,London Borough,4013,1740,2273,348,91,257,111,1124,459,231
2008,E09000027,Richmond upon Thames,London Borough,2865,1864,1001,344,226,118,66,199,174,218
2008,E09000029,Sutton,London Borough,2605,1740,865,203,80,123,45,224,253,140
2008,E09000031,Waltham Forest,London Borough,4582,1866,2716,685,157,528,182,791,761,297
2008,E09000012,Hackney and City of London,London Borough,4485,2018,2467,421,234,187,285,475,888,398
2009,E92000001,ENGLAND,Country,671058,500570,170488,45778,17099,28679,7734,59936,38848,18192
2009,W92000004,WALES,Country,34937,31363,3574,1288,535,753,117,1393,536,240
2009,E12000001,NORTH EAST,Region,29776,26858,2918,769,379,390,92,1327,515,215
2009,E12000002,NORTH WEST,Region,87549,73202,14347,3458,1189,2269,350,7108,2653,778
2009,E12000003,YORKSHIRE AND THE HUMBER,Region,66358,54283,12075,3085,961,2124,276,6250,1921,543
2009,E12000004,EAST MIDLANDS,Region,53746,44233,9513,3448,899,2549,290,3243,1918,614
2009,E12000005,WEST MIDLANDS,Region,71042,55309,15733,3216,888,2328,307,8393,2857,960
2009,E12000006,EAST,Region,71335,56532,14803,5271,1941,3330,620,4418,2723,1771
2009,E12000007,LONDON,Region,129245,57872,71373,15950,6340,9610,4520,20550,20517,9836
2009,E12000008,SOUTH EAST,Region,103669,81946,21723,7177,3103,4074,967,6735,4359,2485
2009,E12000009,SOUTH WEST,Region,58338,50335,8003,3404,1399,2005,312,1912,1385,990
2009,E09000007,Camden,London Borough,3094,1158,1936,393,289,104,191,624,423,305
2009,E09000012,Hackney and City of London,London Borough,4574,2111,2463,476,266,210,308,468,801,410
2009,E09000013,Hammersmith and Fulham,London Borough,2841,1261,1580,411,298,113,107,322,442,298
2009,E09000014,Haringey,London Borough,4193,1549,2644,768,227,541,383,375,741,377
2009,E09000019,Islington,London Borough,2983,1527,1456,311,211,100,174,255,474,242
2009,E09000020,Kensington and Chelsea,London Borough,2227,679,1548,503,430,73,131,300,257,357
2009,E09000022,Lambeth,London Borough,4863,2116,2747,700,398,302,99,329,1049,570
2009,E09000023,Lewisham,London Borough,4888,2320,2568,497,219,278,121,343,1025,582
2009,E09000025,Newham,London Borough,6003,1457,4546,817,128,689,131,2049,1207,342
2009,E09000028,Southwark,London Borough,4873,2010,2863,430,229,201,101,464,1444,424
2009,E09000030,Tower Hamlets,London Borough,4337,1445,2892,282,159,123,106,1928,405,171
2009,E09000032,Wandsworth,London Borough,5335,2893,2442,696,409,287,118,508,607,513
2009,E09000033,Westminster,London Borough,2998,836,2162,414,316,98,170,748,419,411
2009,E09000002,Barking and Dagenham,London Borough,3624,1585,2039,328,64,264,100,487,1040,84
2009,E09000003,Barnet,London Borough,5286,2349,2937,836,253,583,259,880,722,240
2009,E09000004,Bexley,London Borough,3029,2266,763,120,55,65,32,129,413,69
2009,E09000005,Brent,London Borough,5132,1364,3768,863,194,669,123,1333,909,540
2009,E09000006,Bromley,London Borough,4104,2999,1105,312,160,152,79,209,308,197
2009,E09000008,Croydon,London Borough,5235,2765,2470,446,153,293,108,648,828,440
2009,E09000009,Ealing,London Borough,5638,1851,3787,1078,290,788,152,1366,748,443
2009,E09000010,Enfield,London Borough,4828,2008,2820,612,146,466,610,351,1016,231
2009,E09000011,Greenwich,London Borough,4480,2119,2361,440,157,283,119,414,1181,207
2009,E09000015,Harrow,London Borough,3265,1170,2095,455,92,363,64,838,374,364
2009,E09000016,Havering,London Borough,2697,2139,558,119,35,84,38,137,213,51
2009,E09000017,Hillingdon,London Borough,4207,2106,2101,387,115,272,80,840,542,252
2009,E09000018,Hounslow,London Borough,4297,1631,2666,664,167,497,104,1129,551,218
2009,E09000021,Kingston upon Thames,London Borough,2321,1358,963,271,131,140,51,293,192,156
2009,E09000024,Merton,London Borough,3462,1542,1920,517,169,348,51,424,496,432
2009,E09000026,Redbridge,London Borough,4253,1758,2495,401,98,303,114,1186,536,258
2009,E09000027,Richmond upon Thames,London Borough,2859,1831,1028,378,241,137,57,191,174,228
2009,E09000029,Sutton,London Borough,2786,1868,918,254,94,160,44,224,248,148
2009,E09000031,Waltham Forest,London Borough,4533,1801,2732,771,147,624,195,758,732,276
2010,E92000001,ENGLAND,Country,687007,508996,177995,51337,17984,33353,7435,64834,39249,15140
2010,W92000004,WALES,Country,35952,32221,3730,1333,501,832,111,1476,558,252
2010,E12000001,NORTH EAST,Region,30826,27645,3180,876,390,486,101,1426,632,145
2010,E12000002,NORTH WEST,Region,89199,74429,14765,3953,1371,2582,342,7129,2732,609
2010,E12000003,YORKSHIRE AND THE HUMBER,Region,66970,54767,12202,3381,871,2510,284,6151,1874,512
2010,E12000004,EAST MIDLANDS,Region,55232,45356,9875,3764,925,2839,266,3344,2000,501
2010,E12000005,WEST MIDLANDS,Region,72090,56206,15884,3603,891,2712,268,8447,2808,758
2010,E12000006,EAST,Region,73001,57534,15466,5941,1964,3977,599,4570,2751,1605
2010,E12000007,LONDON,Region,133111,58194,74915,17971,6871,11100,4336,24180,20618,7810
2010,E12000008,SOUTH EAST,Region,106434,83414,23018,8008,3188,4820,876,7505,4365,2264
2010,E12000009,SOUTH WEST,Region,60144,51451,8690,3840,1513,2327,363,2082,1469,936
2010,E09000007,Camden,London Borough,3060,1201,1859,374,271,103,165,618,392,310
2010,E09000012,Hackney and City of London,London Borough,4677,2250,2427,496,284,212,270,469,804,388
2010,E09000013,Hammersmith and Fulham,London Borough,2773,1212,1561,466,329,137,98,317,419,261
2010,E09000014,Haringey,London Borough,4456,1570,2886,947,269,678,368,424,801,346
2010,E09000019,Islington,London Borough,2952,1424,1528,390,282,108,167,267,476,228
2010,E09000020,Kensington and Chelsea,London Borough,2221,649,1572,484,421,63,124,298,258,408
2010,E09000022,Lambeth,London Borough,4929,2179,2750,748,428,320,75,325,996,606
2010,E09000023,Lewisham,London Borough,4982,2361,2621,543,245,298,135,524,1015,404
2010,E09000025,Newham,London Borough,6262,1479,4782,956,138,818,109,2344,1190,183
2010,E09000028,Southwark,London Borough,5131,2063,3068,500,289,211,111,462,1511,484
2010,E09000030,Tower Hamlets,London Borough,4565,1544,3021,336,164,172,86,2017,404,178
2010,E09000032,Wandsworth,London Borough,5546,2867,2679,776,458,318,121,575,665,542
2010,E09000033,Westminster,London Borough,3059,822,2237,489,381,108,181,793,394,380
2010,E09000002,Barking and Dagenham,London Borough,3729,1583,2146,431,62,369,102,561,983,69
2010,E09000003,Barnet,London Borough,5541,2459,3082,963,278,685,257,996,644,222
2010,E09000004,Bexley,London Borough,2993,2129,864,160,59,101,38,156,443,67
2010,E09000005,Brent,London Borough,5240,1348,3892,990,215,775,104,1529,926,343
2010,E09000006,Bromley,London Borough,4070,3015,1055,295,141,154,61,236,305,158
2010,E09000008,Croydon,London Borough,5536,2913,2623,542,189,353,93,786,907,295
2010,E09000009,Ealing,London Borough,5861,1762,4099,1129,251,878,148,1819,766,237
2010,E09000010,Enfield,London Borough,5122,2107,3014,728,179,549,609,425,1060,192
2010,E09000011,Greenwich,London Borough,4674,2162,2512,477,178,299,112,549,1186,188
2010,E09000015,Harrow,London Borough,3503,1119,2384,554,91,463,67,1238,450,75
2010,E09000016,Havering,London Borough,2817,2251,566,160,55,105,30,146,185,45
2010,E09000017,Hillingdon,London Borough,4192,1993,2199,425,127,298,61,1094,510,109
2010,E09000018,Hounslow,London Borough,4433,1590,2843,696,158,538,88,1338,563,158
2010,E09000021,Kingston upon Thames,London Borough,2312,1346,966,287,134,153,53,352,170,104
2010,E09000024,Merton,London Borough,3523,1556,1967,542,167,375,65,641,522,197
2010,E09000026,Redbridge,London Borough,4462,1815,2647,495,114,381,98,1482,480,92
2010,E09000027,Richmond upon Thames,London Borough,2992,1873,1119,382,242,140,75,216,184,262
2010,E09000029,Sutton,London Borough,2675,1763,912,242,100,142,47,295,243,85
2010,E09000031,Waltham Forest,London Borough,4823,1789,3034,968,172,796,218,888,766,194
2011,E92000001,ENGLAND,Country,688120,507496,180605,53645,17479,36166,7399,66996,37952,14613
2011,W92000004,WALES,Country,35598,31773,3824,1392,501,891,128,1500,552,252
2011,E12000001,NORTH EAST,Region,30527,27588,2939,828,354,474,81,1358,508,164
2011,E12000002,NORTH WEST,Region,88752,74038,14714,3910,1205,2705,322,7183,2645,654
2011,E12000003,YORKSHIRE AND THE HUMBER,Region,66451,54247,12203,3637,861,2776,275,5972,1812,507
2011,E12000004,EAST MIDLANDS,Region,55378,45185,10191,4053,843,3210,273,3523,1845,497
2011,E12000005,WEST MIDLANDS,Region,73023,56540,16482,3891,896,2995,306,8681,2834,770
2011,E12000006,EAST,Region,73220,57207,16012,6305,1952,4353,626,4847,2664,1570
2011,E12000007,LONDON,Region,132843,57450,75383,18402,6704,11698,4160,25478,19866,7477
2011,E12000008,SOUTH EAST,Region,107132,83381,23749,8535,3158,5377,989,7815,4283,2127
2011,E12000009,SOUTH WEST,Region,60794,51860,8932,4084,1506,2578,367,2139,1495,847
2011,E09000007,Camden,London Borough,3117,1198,1918,410,302,108,158,598,421,331
2011,E09000012,Hackney and City of London,London Borough,4450,2173,2277,511,298,213,247,455,711,353
2011,E09000013,Hammersmith and Fulham,London Borough,2754,1222,1532,426,285,141,99,332,403,272
2011,E09000014,Haringey,London Borough,4227,1602,2624,905,260,645,308,412,682,317
2011,E09000019,Islington,London Borough,3008,1465,1543,353,258,95,153,290,478,269
2011,E09000020,Kensington and Chelsea,London Borough,2185,664,1521,497,411,86,134,306,242,342
2011,E09000022,Lambeth,London Borough,4784,2122,2662,745,416,329,79,332,967,539
2011,E09000023,Lewisham,London Borough,4896,2223,2673,562,236,326,125,543,1030,413
2011,E09000025,Newham,London Borough,6335,1459,4875,950,134,816,101,2551,1120,153
2011,E09000028,Southwark,London Borough,5089,1997,3092,515,292,223,110,526,1458,483
2011,E09000030,Tower Hamlets,London Borough,4545,1560,2985,349,179,170,81,2008,382,165
2011,E09000032,Wandsworth,London Borough,5477,2788,2689,808,461,347,131,618,598,534
2011,E09000033,Westminster,London Borough,3041,830,2209,482,352,130,172,800,401,354
2011,E09000002,Barking and Dagenham,London Borough,3688,1460,2228,514,69,445,100,578,971,65
2011,E09000003,Barnet,London Borough,5506,2421,3085,932,229,703,231,1060,671,191
2011,E09000004,Bexley,London Borough,3172,2249,923,189,55,134,36,166,487,45
2011,E09000005,Brent,London Borough,5228,1291,3936,987,215,772,97,1598,932,322
2011,E09000006,Bromley,London Borough,4141,2982,1159,338,154,184,88,257,299,177
2011,E09000008,Croydon,London Borough,5720,2956,2764,572,167,405,91,888,882,331
2011,E09000009,Ealing,London Borough,5803,1729,4074,1095,227,868,149,1898,710,222
2011,E09000010,Enfield,London Borough,4904,1996,2908,671,155,516,575,463,1028,171
2011,E09000011,Greenwich,London Borough,4561,2025,2536,526,184,342,90,587,1145,188
2011,E09000015,Harrow,London Borough,3466,1134,2332,563,98,465,54,1279,373,63
2011,E09000016,Havering,London Borough,2895,2265,630,185,51,134,30,162,211,42
2011,E09000017,Hillingdon,London Borough,4357,2058,2299,461,117,344,62,1177,506,93
2011,E09000018,Hounslow,London Borough,4561,1611,2949,751,196,555,105,1425,533,135
2011,E09000021,Kingston upon Thames,London Borough,2289,1335,954,289,125,164,68,347,156,94
2011,E09000024,Merton,London Borough,3537,1500,2036,600,181,419,68,654,499,215
2011,E09000026,Redbridge,London Borough,4605,1746,2858,556,93,463,119,1636,452,95
2011,E09000027,Richmond upon Thames,London Borough,2935,1811,1124,411,251,160,61,244,170,238
2011,E09000029,Sutton,London Borough,2756,1768,988,280,80,200,50,326,249,83
2011,E09000031,Waltham Forest,London Borough,4811,1810,3000,969,173,796,188,962,699,182
2012,E92000001,ENGLAND,Country,694241,509017,185203,57404,17582,39822,7739,68252,37288,14520
2012,W92000004,WALES,Country,35238,31457,3780,1490,494,996,143,1378,523,246
2012,E12000001,NORTH EAST,Region,30291,27295,2995,878,350,528,108,1344,509,156
2012,E12000002,NORTH WEST,Region,89211,74144,15065,4206,1240,2966,336,7271,2672,580
2012,E12000003,YORKSHIRE AND THE HUMBER,Region,67408,54743,12663,3976,900,3076,281,6120,1795,491
2012,E12000004,EAST MIDLANDS,Region,55645,44964,10678,4573,884,3689,325,3488,1815,477
2012,E12000005,WEST MIDLANDS,Region,73940,57168,16770,4217,928,3289,313,8639,2817,784
2012,E12000006,EAST,Region,74571,57989,16582,6737,1836,4901,691,4889,2685,1580
2012,E12000007,LONDON,Region,134186,57105,77076,19614,6901,12713,4390,26257,19322,7493
2012,E12000008,SOUTH EAST,Region,107858,83654,24200,8900,3138,5762,946,8043,4223,2088
2012,E12000009,SOUTH WEST,Region,61131,51955,9174,4303,1405,2898,349,2201,1450,871
2012,E09000007,Camden,London Borough,2944,1101,1843,422,302,120,150,581,359,331
2012,E09000012,Hackney and City of London,London Borough,4585,2181,2403,518,290,228,277,486,751,371
2012,E09000013,Hammersmith and Fulham,London Borough,2646,1125,1521,462,313,149,88,320,356,295
2012,E09000014,Haringey,London Borough,4209,1521,2688,961,249,712,330,409,666,322
2012,E09000019,Islington,London Borough,2988,1437,1551,436,302,134,155,301,437,222
2012,E09000020,Kensington and Chelsea,London Borough,2024,580,1444,500,413,87,131,277,226,310
2012,E09000022,Lambeth,London Borough,4825,2209,2615,758,426,332,84,300,948,525
2012,E09000023,Lewisham,London Borough,5095,2332,2763,611,235,376,137,575,998,442
2012,E09000025,Newham,London Borough,6426,1499,4927,1023,121,902,109,2548,1084,163
2012,E09000028,Southwark,London Borough,5030,2011,3019,539,310,229,120,517,1411,432
2012,E09000030,Tower Hamlets,London Borough,4784,1638,3146,384,206,178,84,2083,413,182
2012,E09000032,Wandsworth,London Borough,5451,2737,2714,825,475,350,120,685,597,487
2012,E09000033,Westminster,London Borough,2950,834,2116,460,347,113,172,776,349,359
2012,E09000002,Barking and Dagenham,London Borough,3957,1561,2396,547,77,470,116,685,975,73
2012,E09000003,Barnet,London Borough,5585,2365,3220,1035,262,773,246,1057,641,241
2012,E09000004,Bexley,London Borough,3076,2158,916,183,55,128,44,196,444,49
2012,E09000005,Brent,London Borough,5340,1349,3991,1038,225,813,95,1682,848,328
2012,E09000006,Bromley,London Borough,4140,2947,1193,372,152,220,78,269,291,183
2012,E09000008,Croydon,London Borough,5884,2875,3009,653,187,466,105,968,955,328
2012,E09000009,Ealing,London Borough,5847,1769,4078,1076,251,825,143,1953,685,221
2012,E09000010,Enfield,London Borough,5094,2030,3064,806,148,658,592,451,1011,204
2012,E09000011,Greenwich,London Borough,4624,2031,2592,505,169,336,124,653,1141,169
2012,E09000015,Harrow,London Borough,3585,1126,2459,708,84,624,72,1247,366,66
2012,E09000016,Havering,London Borough,2888,2200,688,243,54,189,30,156,228,31
2012,E09000017,Hillingdon,London Borough,4536,2009,2527,528,128,400,74,1289,538,98
2012,E09000018,Hounslow,London Borough,4621,1588,3033,764,174,590,105,1515,518,131
2012,E09000021,Kingston upon Thames,London Borough,2328,1351,977,310,135,175,57,350,155,105
2012,E09000024,Merton,London Borough,3476,1452,2024,606,180,426,80,656,476,206
2012,E09000026,Redbridge,London Borough,4792,1808,2984,582,112,470,133,1702,473,94
2012,E09000027,Richmond upon Thames,London Borough,2916,1843,1073,401,233,168,86,225,135,226
2012,E09000029,Sutton,London Borough,2708,1676,1032,319,97,222,59,359,208,87
2012,E09000031,Waltham Forest,London Borough,4832,1762,3070,1039,189,850,194,986,639,212
2013,E92000001,ENGLAND,Country,664517,483249,181244,58918,17449,41469,7807,64999,35676,13844
2013,W92000004,WALES,Country,33747,30052,3693,1499,452,1047,139,1276,561,218
2013,E12000001,NORTH EAST,Region,28961,26053,2908,912,362,550,94,1247,510,145
2013,E12000002,NORTH WEST,Region,86372,71114,15253,4577,1311,3266,326,6981,2815,554
2013,E12000003,YORKSHIRE AND THE HUMBER,Region,64560,52121,12438,4207,850,3357,291,5724,1776,440
2013,E12000004,EAST MIDLANDS,Region,52895,42330,10563,4602,795,3807,304,3437,1778,442
2013,E12000005,WEST MIDLANDS,Region,71188,54492,16695,4548,879,3669,339,8292,2790,726
2013,E12000006,EAST,Region,71309,54816,16491,6966,1877,5089,670,4766,2610,1479
2013,E12000007,LONDON,Region,128332,54227,74098,19600,6849,12751,4454,24950,17916,7178
2013,E12000008,SOUTH EAST,Region,102190,78364,23823,9219,3105,6114,947,7537,4067,2053
2013,E12000009,SOUTH WEST,Region,58710,49732,8975,4287,1421,2866,382,2065,1414,827
2013,E09000007,Camden,London Borough,2766,1081,1685,401,286,115,145,545,314,280
2013,E09000012,Hackney and City of London,London Borough,4500,2255,2245,507,321,186,259,436,676,367
2013,E09000013,Hammersmith and Fulham,London Borough,2552,1135,1417,443,300,143,97,280,340,257
2013,E09000014,Haringey,London Borough,4141,1570,2571,908,240,668,308,406,624,325
2013,E09000019,Islington,London Borough,2819,1366,1453,393,293,100,143,266,411,240
2013,E09000020,Kensington and Chelsea,London Borough,1803,558,1245,411,345,66,115,231,202,286
2013,E09000022,Lambeth,London Borough,4589,2038,2551,706,418,288,90,286,906,563
2013,E09000023,Lewisham,London Borough,4827,2183,2644,638,278,360,140,554,921,391
2013,E09000025,Newham,London Borough,6267,1495,4771,1012,114,898,119,2469,1007,164
2013,E09000028,Southwark,London Borough,4706,1815,2891,538,300,238,119,483,1330,421
2013,E09000030,Tower Hamlets,London Borough,4608,1669,2939,366,202,164,92,1944,374,163
2013,E09000032,Wandsworth,London Borough,5152,2614,2538,836,473,363,116,565,515,506
2013,E09000033,Westminster,London Borough,2677,698,1979,459,351,108,143,678,337,362
2013,E09000002,Barking and Dagenham,London Borough,3796,1411,2383,595,68,527,123,692,915,58
2013,E09000003,Barnet,London Borough,5187,2216,2971,977,239,738,260,953,597,184
2013,E09000004,Bexley,London Borough,2959,2019,940,191,54,137,49,181,468,51
2013,E09000005,Brent,London Borough,5170,1243,3926,1060,213,847,104,1658,795,309
2013,E09000006,Bromley,London Borough,3899,2694,1205,400,168,232,88,270,271,176
2013,E09000008,Croydon,London Borough,5605,2713,2892,703,196,507,139,835,897,318
2013,E09000009,Ealing,London Borough,5395,1607,3788,1136,297,839,142,1708,611,191
2013,E09000010,Enfield,London Borough,4908,1938,2970,799,163,636,652,412,900,207
2013,E09000011,Greenwich,London Borough,4442,1921,2521,544,173,371,129,648,1035,165
2013,E09000015,Harrow,London Borough,3559,1122,2437,751,97,654,74,1217,326,69
2013,E09000016,Havering,London Borough,3004,2219,785,261,61,200,54,182,245,43
2013,E09000017,Hillingdon,London Borough,4330,1950,2380,506,131,375,79,1273,430,92
2013,E09000018,Hounslow,London Borough,4443,1475,2968,726,146,580,83,1527,491,141
2013,E09000021,Kingston upon Thames,London Borough,2112,1160,952,305,135,170,52,380,133,82
2013,E09000024,Merton,London Borough,3370,1354,2016,626,186,440,93,648,445,204
2013,E09000026,Redbridge,London Borough,4591,1653,2937,605,108,497,115,1706,421,90
2013,E09000027,Richmond upon Thames,London Borough,2805,1718,1085,407,233,174,73,260,131,214
2013,E09000029,Sutton,London Borough,2629,1624,1005,318,84,234,51,361,213,62
2013,E09000031,Waltham Forest,London Borough,4721,1713,3008,1072,176,896,208,896,635,197
2014,E92000001,ENGLAND,Country,661496,477588,183872,62506,18223,44283,8412,64439,34479,14036
2014,W92000004,WALES,Country,33544,29901,3643,1531,480,1051,144,1256,528,184
2014,E12000001,NORTH EAST,Region,28456,25450,3006,969,366,603,103,1271,508,155
2014,E12000002,NORTH WEST,Region,85606,70260,15341,4849,1358,3491,363,6798,2738,593
2014,E12000003,YORKSHIRE AND THE HUMBER,Region,64078,51250,12825,4501,854,3647,364,5729,1772,459
2014,E12000004,EAST MIDLANDS,Region,53170,42004,11162,5100,847,4253,363,3411,1839,449
2014,E12000005,WEST MIDLANDS,Region,70123,53366,16752,4876,937,3939,329,8009,2744,794
2014,E12000006,EAST,Region,71855,54656,17197,7616,2054,5562,739,4712,2521,1609
2014,E12000007,LONDON,Region,127399,53399,73989,20338,7156,13182,4676,24954,16943,7078
2014,E12000008,SOUTH EAST,Region,102406,78057,24346,9786,3199,6587,1079,7466,3984,2031
2014,E12000009,SOUTH WEST,Region,58403,49146,9254,4471,1452,3019,396,2089,1430,868
2014,E09000007,Camden,London Borough,2700,990,1710,397,290,107,155,536,342,280
2014,E09000013,Hammersmith and Fulham,London Borough,2440,1002,1438,485,331,154,92,338,290,233
2014,E09000014,Haringey,London Borough,4006,1442,2564,958,284,674,288,415,586,317
2014,E09000019,Islington,London Borough,2879,1357,1522,428,292,136,165,272,404,253
2014,E09000020,Kensington and Chelsea,London Borough,1821,533,1288,404,328,76,133,274,213,264
2014,E09000022,Lambeth,London Borough,4528,2034,2493,757,446,311,86,298,770,582
2014,E09000023,Lewisham,London Borough,4759,2156,2602,598,249,349,129,542,940,393
2014,E09000025,Newham,London Borough,6023,1401,4621,1064,155,909,143,2347,907,160
2014,E09000028,Southwark,London Borough,4647,1858,2789,510,295,215,127,476,1212,464
2014,E09000030,Tower Hamlets,London Borough,4619,1634,2985,396,226,170,89,1964,359,177
2014,E09000032,Wandsworth,London Borough,5110,2543,2567,855,518,337,125,604,511,472
2014,E09000033,Westminster,London Borough,2604,706,1898,424,315,109,183,632,329,330
2014,E09000002,Barking and Dagenham,London Borough,3569,1288,2280,537,61,476,149,675,852,67
2014,E09000003,Barnet,London Borough,5244,2173,3071,1096,257,839,280,930,556,209
2014,E09000004,Bexley,London Borough,3037,2072,964,235,69,166,38,210,432,49
2014,E09000005,Brent,London Borough,5078,1292,3786,1058,251,807,116,1593,745,274
2014,E09000006,Bromley,London Borough,4086,2859,1227,407,163,244,108,280,283,149
2014,E09000008,Croydon,London Borough,5645,2670,2973,759,241,518,130,913,870,301
2014,E09000009,Ealing,London Borough,5474,1581,3892,1147,263,884,142,1827,568,208
2014,E09000010,Enfield,London Borough,4824,1895,2928,831,152,679,616,411,873,197
2014,E09000011,Greenwich,London Borough,4368,1803,2564,624,209,415,134,643,980,183
2014,E09000015,Harrow,London Borough,3525,1061,2464,799,89,710,70,1221,314,60
2014,E09000016,Havering,London Borough,3150,2259,891,293,56,237,63,231,262,42
2014,E09000017,Hillingdon,London Borough,4423,1964,2459,562,132,430,73,1294,448,82
2014,E09000018,Hounslow,London Borough,4245,1414,2831,768,160,608,109,1394,427,133
2014,E09000021,Kingston upon Thames,London Borough,2247,1191,1056,326,135,191,74,396,152,108
2014,E09000024,Merton,London Borough,3274,1356,1918,638,202,436,99,636,346,199
2014,E09000026,Redbridge,London Borough,4678,1654,3024,700,128,572,122,1720,381,101
2014,E09000027,Richmond upon Thames,London Borough,2589,1583,1006,391,235,156,90,223,113,189
2014,E09000029,Sutton,London Borough,2751,1645,1105,347,105,242,70,396,221,71
2014,E09000031,Waltham Forest,London Borough,4618,1746,2872,1020,196,824,227,846,588,191
2014,E09000012,Hackney and City of London,London Borough,4438,2237,2201,524,323,201,251,417,669,340
2015,E92000001,ENGLAND,Country,664399,475995,188369,67448,18938,48510,9061,63460,34374,14026
2015,W92000004,WALES,Country,33279,29491,3786,1603,481,1122,144,1262,570,207
2015,E12000001,NORTH EAST,Region,28400,25272,3126,1012,381,631,127,1278,530,179
2015,E12000002,NORTH WEST,Region,85838,69891,15943,5203,1351,3852,385,6874,2880,601
2015,E12000003,YORKSHIRE AND THE HUMBER,Region,63858,50886,12969,4830,903,3927,358,5457,1891,433
2015,E12000004,EAST MIDLANDS,Region,53641,41917,11719,5572,916,4656,411,3477,1785,474
2015,E12000005,WEST MIDLANDS,Region,69806,52598,17207,5366,922,4444,404,7660,3025,752
2015,E12000006,EAST,Region,72505,54739,17764,8198,2092,6106,882,4618,2522,1544
2015,E12000007,LONDON,Region,129615,54429,75174,22166,7674,14492,4983,24500,16335,7190
2015,E12000008,SOUTH EAST,Region,102703,77793,24906,10198,3122,7076,1117,7560,4013,2018
2015,E12000009,SOUTH WEST,Region,58033,48470,9561,4903,1577,3326,394,2036,1393,835
2015,E09000007,Camden,London Borough,2699,996,1702,435,306,129,186,517,303,261
2015,E09000013,Hammersmith and Fulham,London Borough,2345,957,1388,454,334,120,100,315,288,231
2015,E09000014,Haringey,London Borough,4108,1505,2602,1025,288,737,337,359,543,338
2015,E09000019,Islington,London Borough,2939,1396,1543,436,324,112,177,266,377,287
2015,E09000020,Kensington and Chelsea,London Borough,1805,515,1290,430,351,79,124,286,202,248
2015,E09000022,Lambeth,London Borough,4620,2110,2510,807,486,321,68,298,810,527
2015,E09000023,Lewisham,London Borough,4814,2305,2509,645,306,339,117,494,825,428
2015,E09000025,Newham,London Borough,6226,1463,4762,1162,173,989,138,2374,889,199
2015,E09000028,Southwark,London Borough,4587,1895,2692,511,308,203,154,440,1147,440
2015,E09000030,Tower Hamlets,London Borough,4560,1742,2817,416,238,178,105,1814,305,177
2015,E09000032,Wandsworth,London Borough,5038,2408,2630,921,569,352,130,590,491,498
2015,E09000033,Westminster,London Borough,2707,728,1979,477,339,138,184,701,293,324
2015,E09000002,Barking and Dagenham,London Borough,3850,1323,2527,733,82,651,168,750,818,58
2015,E09000003,Barnet,London Borough,5261,2188,3072,1151,275,876,252,970,491,208
2015,E09000004,Bexley,London Borough,3162,2046,1116,288,78,210,73,216,471,68
2015,E09000005,Brent,London Borough,5204,1238,3965,1213,247,966,107,1645,729,271
2015,E09000006,Bromley,London Borough,4098,2809,1289,443,174,269,104,293,276,173
2015,E09000008,Croydon,London Borough,5833,2784,3049,856,240,616,147,861,859,326
2015,E09000009,Ealing,London Borough,5210,1557,3652,1118,283,835,137,1674,526,197
2015,E09000010,Enfield,London Borough,5027,1933,3093,887,137,750,648,464,914,180
2015,E09000011,Greenwich,London Borough,4644,1988,2654,712,237,475,147,599,1009,187
2015,E09000015,Harrow,London Borough,3601,1017,2583,1003,100,903,82,1141,302,55
2015,E09000016,Havering,London Borough,3275,2325,950,357,69,288,76,220,253,44
2015,E09000017,Hillingdon,London Borough,4394,1921,2473,605,154,451,98,1247,430,93
2015,E09000018,Hounslow,London Borough,4455,1424,3031,860,193,667,112,1441,466,152
2015,E09000021,Kingston upon Thames,London Borough,2350,1328,1021,343,125,218,83,356,137,102
2015,E09000024,Merton,London Borough,3412,1428,1984,717,241,476,81,619,366,201
2015,E09000026,Redbridge,London Borough,4798,1701,3097,761,126,635,177,1663,406,90
2015,E09000027,Richmond upon Thames,London Borough,2609,1591,1018,400,224,176,106,198,130,184
2015,E09000029,Sutton,London Borough,2764,1630,1134,370,93,277,69,419,182,94
2015,E09000031,Waltham Forest,London Borough,4651,1870,2781,1059,189,870,251,788,491,192
2015,E09000012,Hackney and City of London,London Borough,4569,2308,2261,571,385,186,245,482,606,357
2016,E92000001,ENGLAND,Country,663157,470759,192355,69940,19163,50777,9751,64722,33895,14047
2016,W92000004,WALES,Country,32936,29115,3821,1702,524,1178,172,1218,531,198
2016,E12000001,NORTH EAST,Region,28574,25395,3179,1051,351,700,102,1341,527,158
2016,E12000002,NORTH WEST,Region,86069,69478,16584,5440,1457,3983,430,7168,2894,652
2016,E12000003,YORKSHIRE AND THE HUMBER,Region,63823,50413,13406,5042,887,4155,343,5587,1989,445
2016,E12000004,EAST MIDLANDS,Region,53299,41220,12078,5672,957,4715,475,3656,1841,434
2016,E12000005,WEST MIDLANDS,Region,71041,52787,18249,5928,1007,4921,418,8019,3113,771
2016,E12000006,EAST,Region,72250,53769,18478,8692,2122,6570,935,4732,2548,1571
2016,E12000007,LONDON,Region,128803,53866,74923,22573,7630,14943,5382,24235,15600,7133
2016,E12000008,SOUTH EAST,Region,101982,76283,25693,10623,3239,7384,1208,7875,3949,2038
2016,E12000009,SOUTH WEST,Region,57316,47548,9765,4919,1513,3406,458,2109,1434,845
2016,E09000007,Camden,London Borough,2732,1055,1677,446,319,127,153,532,298,248
2016,E09000013,Hammersmith and Fulham,London Borough,2509,1023,1485,492,353,139,113,309,297,274
2016,E09000014,Haringey,London Borough,4114,1564,2549,1040,307,733,325,350,503,331
2016,E09000019,Islington,London Borough,2945,1417,1528,448,323,125,169,270,379,262
2016,E09000020,Kensington and Chelsea,London Borough,1729,506,1223,411,338,73,116,264,167,265
2016,E09000022,Lambeth,London Borough,4209,1954,2255,680,416,264,102,267,716,490
2016,E09000023,Lewisham,London Borough,4721,2185,2536,729,328,401,170,457,764,416
2016,E09000025,Newham,London Borough,6027,1465,4562,1134,170,964,154,2249,863,162
2016,E09000028,Southwark,London Borough,4503,1877,2626,547,333,214,141,466,1061,411
2016,E09000030,Tower Hamlets,London Borough,4592,1774,2817,449,254,195,95,1738,352,183
2016,E09000032,Wandsworth,London Borough,4860,2395,2464,850,510,340,147,538,456,473
2016,E09000033,Westminster,London Borough,2654,750,1903,471,355,116,181,673,285,293
2016,E09000002,Barking and Dagenham,London Borough,3973,1310,2663,769,98,671,203,817,820,54
2016,E09000003,Barnet,London Borough,5301,2187,3113,1158,242,916,321,929,505,200
2016,E09000004,Bexley,London Borough,3091,1996,1094,292,67,225,78,251,412,61
2016,E09000005,Brent,London Borough,5146,1236,3910,1198,254,944,123,1587,713,289
2016,E09000006,Bromley,London Borough,4326,2860,1466,504,207,297,126,370,290,176
2016,E09000008,Croydon,London Borough,5894,2754,3138,907,250,657,171,872,829,359
2016,E09000009,Ealing,London Borough,5250,1507,3743,1121,285,836,152,1689,550,231
2016,E09000010,Enfield,London Borough,5000,1960,3040,971,171,800,675,442,778,174
2016,E09000011,Greenwich,London Borough,4621,1939,2681,713,221,492,170,622,963,213
2016,E09000015,Harrow,London Borough,3606,1049,2555,1062,85,977,66,1137,236,54
2016,E09000016,Havering,London Borough,3423,2348,1074,397,61,336,108,268,244,57
2016,E09000017,Hillingdon,London Borough,4508,1923,2585,637,124,513,99,1314,453,82
2016,E09000018,Hounslow,London Borough,4351,1369,2982,870,199,671,137,1378,451,146
2016,E09000021,Kingston upon Thames,London Borough,2204,1189,1015,330,135,195,78,374,125,108
2016,E09000024,Merton,London Borough,3246,1340,1906,673,237,436,106,607,324,196
2016,E09000026,Redbridge,London Borough,4782,1671,3110,824,130,694,228,1645,328,85
2016,E09000027,Richmond upon Thames,London Borough,2544,1497,1047,420,221,199,102,221,117,187
2016,E09000029,Sutton,London Borough,2741,1614,1127,372,102,270,74,387,216,78
2016,E09000031,Waltham Forest,London Borough,4700,1893,2807,1097,194,903,239,746,511,214
2016,E09000012,Hackney and City of London,London Borough,4501,2259,2242,561,341,220,260,466,594,361
2017,E92000001,ENGLAND,Country,646794,457930,188829,69817,19134,50683,10222,62904,32326,13560
2017,W92000004,WALES,Country,32176,28415,3759,1633,461,1172,163,1199,543,221
2017,E12000001,NORTH EAST,Region,27488,24351,3137,1025,309,716,126,1352,509,125
2017,E12000002,NORTH WEST,Region,83822,67484,16334,5351,1410,3941,442,7051,2848,642
2017,E12000003,YORKSHIRE AND THE HUMBER,Region,62088,49022,13064,4945,938,4007,386,5397,1892,444
2017,E12000004,EAST MIDLANDS,Region,52041,40021,12018,5711,870,4841,512,3569,1804,422
2017,E12000005,WEST MIDLANDS,Region,69331,51164,18162,5959,1038,4921,483,7855,3167,698
2017,E12000006,EAST,Region,70725,52659,18060,8623,2092,6531,974,4588,2381,1494
2017,E12000007,LONDON,Region,126308,53125,73179,22635,7798,14837,5523,23522,14548,6951
2017,E12000008,SOUTH EAST,Region,99108,73842,25260,10648,3189,7459,1318,7502,3841,1951
2017,E12000009,SOUTH WEST,Region,55883,46262,9615,4920,1490,3430,458,2068,1336,833
2017,E09000007,Camden,London Borough,2607,947,1660,452,313,139,162,509,316,221
2017,E09000013,Hammersmith and Fulham,London Borough,2392,961,1431,467,333,134,118,297,279,270
2017,E09000014,Haringey,London Borough,3881,1495,2386,932,288,644,325,338,507,284
2017,E09000019,Islington,London Borough,2946,1350,1596,467,323,144,180,258,412,279
2017,E09000020,Kensington and Chelsea,London Borough,1699,520,1179,407,328,79,122,255,152,243
2017,E09000022,Lambeth,London Borough,4265,2031,2234,695,448,247,91,300,661,487
2017,E09000023,Lewisham,London Borough,4751,2263,2488,739,349,390,172,438,732,407
2017,E09000025,Newham,London Borough,5966,1548,4418,1186,218,968,205,2097,732,198
2017,E09000028,Southwark,London Borough,4381,1922,2459,546,330,216,127,419,960,407
2017,E09000030,Tower Hamlets,London Borough,4604,1798,2806,468,255,213,124,1731,298,185
2017,E09000032,Wandsworth,London Borough,4721,2334,2387,825,528,297,147,520,407,488
2017,E09000033,Westminster,London Borough,2481,673,1808,415,307,108,174,654,282,283
2017,E09000002,Barking and Dagenham,London Borough,3870,1297,2573,783,82,701,193,776,758,63
2017,E09000003,Barnet,London Borough,5190,2049,3139,1215,274,941,301,968,445,210
2017,E09000004,Bexley,London Borough,3095,1989,1105,345,67,278,77,260,374,49
2017,E09000005,Brent,London Borough,5208,1265,3943,1240,242,998,143,1604,675,281
2017,E09000006,Bromley,London Borough,4238,2736,1502,541,231,310,137,371,281,172
2017,E09000008,Croydon,London Borough,5761,2758,3003,849,258,591,181,845,810,318
2017,E09000009,Ealing,London Borough,5116,1488,3628,1073,301,772,166,1629,549,211
2017,E09000010,Enfield,London Borough,4778,1900,2878,929,169,760,664,370,744,171
2017,E09000011,Greenwich,London Borough,4453,1948,2505,726,239,487,171,574,818,216
2017,E09000015,Harrow,London Borough,3695,974,2721,1179,82,1097,93,1139,253,57
2017,E09000016,Havering,London Borough,3395,2315,1079,433,69,364,128,247,211,60
2017,E09000017,Hillingdon,London Borough,4408,1872,2536,599,138,461,112,1307,439,79
2017,E09000018,Hounslow,London Borough,4166,1289,2877,848,171,677,160,1367,389,113
2017,E09000021,Kingston upon Thames,London Borough,2185,1178,1007,356,157,199,73,360,128,90
2017,E09000024,Merton,London Borough,3172,1268,1904,683,248,435,89,561,353,218
2017,E09000026,Redbridge,London Borough,4707,1595,3112,840,122,718,234,1601,336,101
2017,E09000027,Richmond upon Thames,London Borough,2441,1422,1019,408,227,181,79,228,118,186
2017,E09000029,Sutton,London Borough,2642,1549,1093,362,98,264,80,403,172,76
2017,E09000031,Waltham Forest,London Borough,4684,2062,2622,1079,220,859,246,682,408,207
2017,E09000012,Hackney and City of London,London Borough,4410,2329,2081,548,383,165,249,414,549,321
2018,E92000001,ENGLAND,Country,625651,443762,181859,68108,18455,49653,10426,59292,30618,13415
2018,W92000004,WALES,Country,31274,27628,3646,1644,461,1183,168,1119,530,185
2018,E12000001,NORTH EAST,Region,26684,23517,3167,1104,339,765,134,1221,545,163
2018,E12000002,NORTH WEST,Region,81195,65021,16171,5378,1440,3938,463,6833,2854,643
2018,E12000003,YORKSHIRE AND THE HUMBER,Region,59984,47355,12625,4926,851,4075,361,5036,1908,394
2018,E12000004,EAST MIDLANDS,Region,50018,38380,11637,5522,850,4672,596,3358,1748,413
2018,E12000005,WEST MIDLANDS,Region,67282,49234,18047,6086,1042,5044,505,7578,3117,761
2018,E12000006,EAST,Region,68881,51267,17609,8415,1930,6485,1033,4381,2329,1451
2018,E12000007,LONDON,Region,120673,51731,68936,21642,7591,14051,5626,21614,13244,6810
2018,E12000008,SOUTH EAST,Region,96748,72260,24483,10446,3045,7401,1277,7285,3588,1887
2018,E12000009,SOUTH WEST,Region,54186,44997,9184,4589,1367,3222,431,1986,1285,893
2018,E09000007,Camden,London Borough,2519,924,1595,412,305,107,157,481,305,240
2018,E09000013,Hammersmith and Fulham,London Borough,2314,937,1377,451,335,116,109,303,282,232
2018,E09000014,Haringey,London Borough,3756,1574,2182,897,278,619,287,278,437,283
2018,E09000019,Islington,London Borough,2793,1357,1436,438,324,114,157,238,329,274
2018,E09000020,Kensington and Chelsea,London Borough,1637,503,1134,365,283,82,130,230,173,236
2018,E09000022,Lambeth,London Borough,3917,1986,1931,597,376,221,100,248,567,419
2018,E09000023,Lewisham,London Borough,4504,2222,2282,643,288,355,157,403,663,416
2018,E09000025,Newham,London Borough,5678,1547,4131,1089,195,894,236,2012,637,157
2018,E09000028,Southwark,London Borough,4181,1815,2365,557,367,190,141,414,826,427
2018,E09000030,Tower Hamlets,London Borough,4381,1733,2648,487,287,200,108,1568,288,197
2018,E09000032,Wandsworth,London Borough,4697,2334,2363,812,547,265,135,515,417,484
2018,E09000033,Westminster,London Borough,2510,724,1786,445,317,128,179,572,284,306
2018,E09000002,Barking and Dagenham,London Borough,3700,1219,2481,789,102,687,244,800,605,43
2018,E09000003,Barnet,London Borough,5111,2056,3055,1154,269,885,327,927,441,206
2018,E09000004,Bexley,London Borough,3030,1940,1090,344,77,267,72,250,365,59
2018,E09000005,Brent,London Borough,4705,1155,3548,1167,237,930,128,1397,569,287
2018,E09000006,Bromley,London Borough,4005,2692,1313,481,170,311,117,310,244,161
2018,E09000008,Croydon,London Borough,5425,2571,2854,803,287,516,201,785,762,303
2018,E09000009,Ealing,London Borough,4732,1458,3274,961,249,712,179,1448,493,193
2018,E09000010,Enfield,London Borough,4672,1799,2873,960,183,777,652,385,706,170
2018,E09000011,Greenwich,London Borough,4228,1788,2440,699,251,448,176,543,809,213
2018,E09000015,Harrow,London Borough,3582,975,2607,1219,87,1132,93,997,231,67
2018,E09000016,Havering,London Borough,3307,2220,1087,401,69,332,153,273,210,50
2018,E09000017,Hillingdon,London Borough,4075,1701,2374,653,139,514,108,1172,361,80
2018,E09000018,Hounslow,London Borough,3947,1330,2617,749,163,586,165,1210,362,131
2018,E09000021,Kingston upon Thames,London Borough,2025,1088,937,329,130,199,81,339,98,90
2018,E09000024,Merton,London Borough,3018,1326,1692,621,223,398,100,505,288,178
2018,E09000026,Redbridge,London Borough,4539,1551,2988,836,136,700,287,1451,327,87
2018,E09000027,Richmond upon Thames,London Borough,2310,1391,919,373,189,184,95,200,78,173
2018,E09000029,Sutton,London Borough,2472,1449,1023,354,102,252,83,342,168,76
2018,E09000031,Waltham Forest,London Borough,4468,2044,2423,994,226,768,252,576,397,204
2018,E09000012,Hackney and City of London,London Borough,4435,2322,2111,562,400,162,217,442,522,368
2019,E92000001,ENGLAND,Country,610505,430098,180370,66084,18481,47603,11247,59746,30190,13103
2019,W92000004,WALES,Country,29704,26148,3555,1536,428,1108,166,1113,545,195
2019,E12000001,NORTH EAST,Region,25742,22609,3132,1072,375,697,129,1175,609,147
2019,E12000002,NORTH WEST,Region,80020,63317,16695,5288,1432,3856,537,7190,2995,685
2019,E12000003,YORKSHIRE AND THE HUMBER,Region,58281,45763,12513,4843,808,4035,386,4878,1977,429
2019,E12000004,EAST MIDLANDS,Region,48986,37107,11875,5411,881,4530,709,3527,1783,445
2019,E12000005,WEST MIDLANDS,Region,65982,48202,17779,5912,1018,4894,552,7524,3103,688
2019,E12000006,EAST,Region,67409,49739,17668,8332,2020,6312,1118,4454,2296,1468
2019,E12000007,LONDON,Region,117897,50203,67690,20739,7540,13199,5956,21807,12579,6609
2019,E12000008,SOUTH EAST,Region,93664,69599,24055,10038,2984,7054,1411,7138,3598,1870
2019,E12000009,SOUTH WEST,Region,52524,43559,8963,4449,1423,3026,449,2053,1250,762
2019,E09000007,Camden,London Borough,2448,953,1495,385,281,104,161,468,266,215
2019,E09000013,Hammersmith and Fulham,London Borough,2189,910,1279,461,349,112,86,292,226,214
2019,E09000014,Haringey,London Borough,3595,1450,2145,860,286,574,312,258,449,266
2019,E09000019,Islington,London Borough,2680,1245,1435,456,337,119,131,235,347,266
2019,E09000020,Kensington and Chelsea,London Borough,1612,466,1146,371,309,62,133,249,153,240
2019,E09000022,Lambeth,London Borough,3844,1932,1912,581,400,181,84,219,568,460
2019,E09000023,Lewisham,London Borough,4393,2193,2200,655,307,348,163,376,592,414
2019,E09000025,Newham,London Borough,5492,1466,4026,1083,216,867,282,1900,627,134
2019,E09000028,Southwark,London Borough,4027,1832,2195,509,338,171,138,384,768,396
2019,E09000030,Tower Hamlets,London Borough,4307,1722,2585,466,282,184,121,1499,315,184
2019,E09000032,Wandsworth,London Borough,4471,2278,2193,723,455,268,137,479,402,452
2019,E09000033,Westminster,London Borough,2315,624,1691,419,311,108,181,580,253,258
2019,E09000002,Barking and Dagenham,London Borough,3574,1146,2428,735,84,651,232,774,629,58
2019,E09000003,Barnet,London Borough,4973,1949,3024,1120,298,822,365,914,417,208
2019,E09000004,Bexley,London Borough,2954,1892,1062,298,59,239,88,247,361,68
2019,E09000005,Brent,London Borough,4919,1220,3699,1127,221,906,158,1546,586,282
2019,E09000006,Bromley,London Borough,3862,2596,1265,438,180,258,140,319,214,154
2019,E09000008,Croydon,London Borough,5304,2593,2710,742,273,469,176,796,662,334
2019,E09000009,Ealing,London Borough,4793,1456,3337,942,265,677,172,1531,487,205
2019,E09000010,Enfield,London Borough,4548,1769,2779,921,165,756,678,356,671,153
2019,E09000011,Greenwich,London Borough,4125,1748,2376,698,270,428,184,564,726,204
2019,E09000015,Harrow,London Borough,3526,931,2595,1160,100,1060,101,1060,217,57
2019,E09000016,Havering,London Borough,3186,2016,1170,434,77,357,169,311,202,54
2019,E09000017,Hillingdon,London Borough,4139,1663,2475,646,150,496,156,1218,374,81
2019,E09000018,Hounslow,London Borough,3866,1216,2650,719,158,561,184,1327,317,103
2019,E09000021,Kingston upon Thames,London Borough,1946,1025,921,329,134,195,82,311,114,85
2019,E09000024,Merton,London Borough,2924,1282,1642,577,221,356,107,501,280,177
2019,E09000026,Redbridge,London Borough,4495,1550,2945,738,130,608,367,1467,279,94
2019,E09000027,Richmond upon Thames,London Borough,2181,1238,943,357,204,153,84,218,106,178
2019,E09000029,Sutton,London Borough,2555,1484,1071,361,112,249,80,392,166,72
2019,E09000031,Waltham Forest,London Borough,4482,2041,2441,925,211,714,314,623,388,191
2019,E09000012,Hackney and City of London,London Borough,4172,2317,1855,503,357,146,190,393,417,352
2020,E92000001,ENGLAND,Country,585195,408717,176448,62268,18237,44031,11395,60715,29097,12973
2020,W92000004,WALES,Country,28638,25245,3392,1447,447,1000,173,1038,557,177
2020,E12000001,NORTH EAST,Region,24915,21777,3137,993,344,649,135,1298,554,157
2020,E12000002,NORTH WEST,Region,76329,59650,16678,5011,1555,3456,559,7281,3093,734
2020,E12000003,YORKSHIRE AND THE HUMBER,Region,55916,43608,12302,4558,866,3692,414,5017,1900,413
2020,E12000004,EAST MIDLANDS,Region,46950,35260,11686,5085,899,4186,773,3657,1755,416
2020,E12000005,WEST MIDLANDS,Region,63748,45943,17803,5587,1083,4504,567,7683,3262,704
2020,E12000006,EAST,Region,64313,46804,17506,8025,1921,6104,1244,4610,2235,1392
2020,E12000007,LONDON,Region,111688,47039,64644,19192,7210,11982,5896,21640,11440,6476
2020,E12000008,SOUTH EAST,Region,90864,67154,23703,9506,2925,6581,1349,7392,3630,1826
2020,E12000009,SOUTH WEST,Region,50472,41482,8989,4311,1434,2877,458,2137,1228,855
2020,E09000007,Camden,London Borough,2240,822,1418,360,269,91,142,436,246,234
2020,E09000013,Hammersmith and Fulham,London Borough,2031,828,1203,401,305,96,102,242,248,210
2020,E09000014,Haringey,London Borough,3383,1380,2002,775,285,490,290,276,376,285
2020,E09000019,Islington,London Borough,2594,1186,1408,420,319,101,153,227,331,277
2020,E09000020,Kensington and Chelsea,London Borough,1410,425,985,327,263,64,117,213,124,204
2020,E09000022,Lambeth,London Borough,3542,1766,1776,480,326,154,92,243,509,452
2020,E09000023,Lewisham,London Borough,4006,2035,1970,555,262,293,129,405,528,353
2020,E09000025,Newham,London Borough,5442,1426,4016,981,202,779,290,1958,607,180
2020,E09000028,Southwark,London Borough,3557,1619,1937,445,292,153,105,378,622,387
2020,E09000030,Tower Hamlets,London Borough,4291,1743,2548,458,266,192,112,1494,261,223
2020,E09000032,Wandsworth,London Borough,4258,2146,2112,761,525,236,124,463,343,421
2020,E09000033,Westminster,London Borough,2094,569,1525,341,250,91,169,513,245,257
2020,E09000002,Barking and Dagenham,London Borough,3406,1082,2324,676,95,581,270,814,515,49
2020,E09000003,Barnet,London Borough,4755,1956,2799,997,260,737,369,864,388,181
2020,E09000004,Bexley,London Borough,2786,1790,996,298,62,236,93,261,295,49
2020,E09000005,Brent,London Borough,4613,1117,3496,1040,224,816,154,1533,526,243
2020,E09000006,Bromley,London Borough,3691,2344,1347,452,189,263,137,338,249,171
2020,E09000008,Croydon,London Borough,5252,2472,2780,744,277,467,182,804,722,328
2020,E09000009,Ealing,London Borough,4462,1300,3162,814,248,566,174,1535,461,178
2020,E09000010,Enfield,London Borough,4086,1538,2548,881,181,700,635,316,566,150
2020,E09000011,Greenwich,London Borough,4031,1691,2339,666,258,408,224,597,656,196
2020,E09000015,Harrow,London Borough,3452,868,2583,1166,95,1071,98,1041,212,66
2020,E09000016,Havering,London Borough,3116,1981,1135,410,63,347,191,293,196,45
2020,E09000017,Hillingdon,London Borough,3958,1528,2430,575,147,428,124,1353,292,86
2020,E09000018,Hounslow,London Borough,3718,1088,2630,708,183,525,217,1286,305,114
2020,E09000021,Kingston upon Thames,London Borough,1838,972,866,296,138,158,89,293,105,83
2020,E09000024,Merton,London Borough,2783,1215,1568,521,231,290,127,454,271,195
2020,E09000026,Redbridge,London Borough,4343,1467,2876,724,130,594,329,1483,263,77
2020,E09000027,Richmond upon Thames,London Borough,2021,1175,846,341,190,151,72,188,81,164
2020,E09000029,Sutton,London Borough,2350,1357,993,293,98,195,96,381,150,73
2020,E09000031,Waltham Forest,London Borough,4197,2013,2184,785,218,567,288,565,339,207
2020,E09000012,Hackney and City of London,London Borough,3982,2140,1842,501,359,142,202,393,408,338
2021,E92000001,ENGLAND,Country,595948,419779,176123,61501,18683,42818,11815,60720,28570,13517
2021,W92000004,WALES,Country,28781,25215,3565,1480,477,1003,157,1125,570,233
2021,E12000001,NORTH EAST,Region,25153,21840,3312,1043,363,680,135,1312,649,173
2021,E12000002,NORTH WEST,Region,78127,61092,17030,5070,1551,3519,557,7560,3095,748
2021,E12000003,YORKSHIRE AND THE HUMBER,Region,56377,44188,12189,4450,846,3604,414,4903,1972,450
2021,E12000004,EAST MIDLANDS,Region,47860,36173,11682,5106,911,4195,854,3528,1778,416
2021,E12000005,WEST MIDLANDS,Region,63846,46179,17666,5373,1112,4261,657,7770,3146,720
2021,E12000006,EAST,Region,67054,49248,17800,8094,2083,6011,1317,4656,2241,1492
2021,E12000007,LONDON,Region,110961,47958,62986,18365,7275,11090,5933,21394,10725,6569
2021,E12000008,SOUTH EAST,Region,94292,69932,24353,9789,3132,6657,1447,7370,3677,2070
2021,E12000009,SOUTH WEST,Region,52278,43169,9105,4211,1410,2801,501,2227,1287,879
2021,E09000007,Camden,London Borough,2317,826,1491,395,294,101,138,456,247,255
2021,E09000013,Hammersmith and Fulham,London Borough,2146,819,1326,385,268,117,141,300,257,243
2021,E09000014,Haringey,London Borough,3376,1414,1961,748,262,486,296,257,348,312
2021,E09000019,Islington,London Borough,2657,1267,1389,436,337,99,145,250,309,249
2021,E09000020,Kensington and Chelsea,London Borough,1455,459,995,309,242,67,113,216,128,229
2021,E09000022,Lambeth,London Borough,3554,1884,1669,506,346,160,85,224,419,435
2021,E09000023,Lewisham,London Borough,4024,2107,1916,584,290,294,146,356,473,357
2021,E09000025,Newham,London Borough,5346,1489,3856,933,222,711,299,1908,572,144
2021,E09000028,Southwark,London Borough,3525,1608,1917,491,332,159,99,350,579,398
2021,E09000030,Tower Hamlets,London Borough,4381,1777,2603,463,301,162,137,1552,271,180
2021,E09000032,Wandsworth,London Borough,4198,2075,2122,738,493,245,151,427,387,419
2021,E09000033,Westminster,London Borough,2110,632,1478,388,290,98,177,434,225,254
2021,E09000002,Barking and Dagenham,London Borough,3255,1041,2214,598,83,515,270,821,474,51
2021,E09000003,Barnet,London Borough,4780,1974,2806,949,280,669,362,919,396,180
2021,E09000004,Bexley,London Borough,2837,1840,996,290,79,211,79,280,279,68
2021,E09000005,Brent,London Borough,4427,1079,3348,962,224,738,146,1433,550,257
2021,E09000006,Bromley,London Borough,3728,2452,1276,448,194,254,120,334,185,189
2021,E09000008,Croydon,London Borough,5001,2574,2427,666,270,396,139,746,564,312
2021,E09000009,Ealing,London Borough,4397,1362,3035,733,255,478,171,1534,429,168
2021,E09000010,Enfield,London Borough,3936,1560,2376,800,169,631,631,283,519,143
2021,E09000011,Greenwich,London Borough,3906,1704,2201,621,264,357,204,556,598,222
2021,E09000015,Harrow,London Borough,3312,849,2462,1013,83,930,117,1066,202,64
2021,E09000016,Havering,London Borough,3057,1909,1148,408,79,329,192,306,183,59
2021,E09000017,Hillingdon,London Borough,4061,1612,2447,542,137,405,146,1364,321,74
2021,E09000018,Hounslow,London Borough,3678,1132,2546,571,152,419,223,1357,270,125
2021,E09000021,Kingston upon Thames,London Borough,1849,1000,849,289,126,163,100,268,96,96
2021,E09000024,Merton,London Borough,2739,1203,1536,512,212,300,120,456,242,206
2021,E09000026,Redbridge,London Borough,4275,1478,2795,675,100,575,364,1428,256,72
2021,E09000027,Richmond upon Thames,London Borough,2120,1222,898,322,172,150,114,204,88,170
2021,E09000029,Sutton,London Borough,2347,1362,985,319,107,212,79,381,131,75
2021,E09000031,Waltham Forest,London Borough,4136,2026,2109,770,245,525,261,513,342,223
2021,E09000012,Hackney and City of London,London Borough,4031,2222,1809,501,367,134,168,415,385,340
2022,E92000001,ENGLAND,Country,577046,397432,179558,56663,17706,38957,11872,66075,31591,13357
2022,W92000004,WALES,Country,28296,24596,3696,1357,426,931,177,1254,715,193
2022,E12000001,NORTH EAST,Region,24701,20994,3706,1013,361,652,141,1490,878,184
2022,E12000002,NORTH WEST,Region,76399,58237,18149,4750,1543,3207,616,8316,3608,859
2022,E12000003,YORKSHIRE AND THE HUMBER,Region,55203,42275,12923,4365,857,3508,409,5211,2467,471
2022,E12000004,EAST MIDLANDS,Region,46849,34702,12142,4751,813,3938,816,4059,2095,421
2022,E12000005,WEST MIDLANDS,Region,63368,44620,18743,5200,1090,4110,665,8459,3648,771
2022,E12000006,EAST,Region,64294,46159,18127,7425,1941,5484,1363,5240,2604,1495
2022,E12000007,LONDON,Region,106696,44846,61846,16658,6847,9811,5826,22413,10799,6150
2022,E12000008,SOUTH EAST,Region,90589,65828,24754,8681,2924,5757,1567,8358,4087,2061
2022,E12000009,SOUTH WEST,Region,48947,39771,9168,3820,1330,2490,469,2529,1405,945
2022,E09000007,Camden,London Borough,2072,783,1288,322,248,74,129,426,208,203
2022,E09000013,Hammersmith and Fulham,London Borough,2006,810,1196,379,291,88,122,253,245,197
2022,E09000014,Haringey,London Borough,3085,1279,1806,710,284,426,260,213,354,269
2022,E09000019,Islington,London Borough,2443,1153,1290,387,297,90,120,233,298,252
2022,E09000020,Kensington and Chelsea,London Borough,1387,465,922,289,236,53,105,217,135,176
2022,E09000022,Lambeth,London Borough,3345,1684,1661,471,338,133,74,260,470,386
2022,E09000023,Lewisham,London Borough,3820,1955,1865,526,295,231,154,387,460,338
2022,E09000025,Newham,London Borough,5598,1537,4061,876,210,666,288,2155,554,188
2022,E09000028,Southwark,London Borough,3393,1562,1831,387,270,117,112,351,589,392
2022,E09000030,Tower Hamlets,London Borough,4127,1635,2491,400,241,159,119,1546,252,174
2022,E09000032,Wandsworth,London Borough,3812,1904,1907,625,434,191,145,444,341,352
2022,E09000033,Westminster,London Borough,1967,553,1414,324,233,91,164,462,231,233
2022,E09000002,Barking and Dagenham,London Borough,3360,1044,2316,602,106,496,274,901,477,62
2022,E09000003,Barnet,London Borough,4621,1813,2808,852,271,581,424,962,353,217
2022,E09000004,Bexley,London Borough,2765,1759,1006,263,66,197,86,282,314,61
2022,E09000005,Brent,London Borough,4431,1078,3353,931,224,707,155,1541,491,235
2022,E09000006,Bromley,London Borough,3431,2222,1209,401,178,223,110,313,236,149
2022,E09000008,Croydon,London Borough,4872,2326,2546,626,270,356,158,784,629,349
2022,E09000009,Ealing,London Borough,4427,1278,3149,664,240,424,209,1680,397,199
2022,E09000010,Enfield,London Borough,3921,1520,2401,824,197,627,587,330,506,154
2022,E09000011,Greenwich,London Borough,3760,1559,2200,586,237,349,198,580,644,192
2022,E09000015,Harrow,London Borough,3298,859,2439,967,83,884,113,1095,194,70
2022,E09000016,Havering,London Borough,3089,1840,1249,368,70,298,215,393,208,65
2022,E09000017,Hillingdon,London Borough,4037,1533,2504,446,118,328,150,1510,335,63
2022,E09000018,Hounslow,London Borough,3529,991,2538,496,147,349,191,1408,326,117
2022,E09000021,Kingston upon Thames,London Borough,1726,910,816,253,130,123,95,279,103,86
2022,E09000024,Merton,London Borough,2497,1090,1407,409,194,215,131,448,246,173
2022,E09000026,Redbridge,London Borough,4243,1429,2814,568,115,453,331,1543,302,70
2022,E09000027,Richmond upon Thames,London Borough,1827,1075,752,269,169,100,108,154,86,135
2022,E09000029,Sutton,London Borough,2220,1272,948,296,94,202,92,366,120,74
2022,E09000031,Waltham Forest,London Borough,4040,1976,2064,699,234,465,264,543,342,216
2022,E09000012,Hackney and City of London,London Borough,3547,1952,1595,442,327,115,143,354,353,303
